{
  "project_info": {
    "project_number": "550707891427",
    "project_id": "roomfinder-143da",
    "storage_bucket": "roomfinder-143da.appspot.com"
  },
  "client": [
    {
      "client_info": {
        "mobilesdk_app_id": "1:550707891427:android:a75add47bc0e70c5d349d6",
        "android_client_info": {
          "package_name": "com.mpm2324.roomfinder.app" 
        }
      },
      "oauth_client": [],
      "api_key": [
        {
          "current_key": "AIzaSyDRYuXnskYiKgwyn2_ptkgspdwRvDb4d6k"
        }
      ],
      "services": {
        "appinvite_service": {
          "other_platform_oauth_client": []
        }
      }
    }
  ],
  "configuration_version": "1"
}