{
  "project_info": {
    "project_number": "922537851131",
    "project_id": "mpm-project-6e7dd",
    "storage_bucket": "mpm-project-6e7dd.appspot.com"
  },
  "client": [
    {
      "client_info": {
        "mobilesdk_app_id": "1:922537851131:android:3931bddb01922617ddd85e",
        "android_client_info": {
          "package_name": "com.example.project_app"
        }
      },
      "oauth_client": [
        {
          "client_id": "922537851131-clqvq0t279pakrs3d264rr2k6bi26muh.apps.googleusercontent.com",
          "client_type": 3
        }
      ],
      "api_key": [
        {
          "current_key": "AIzaSyDll7S8rDL1AdXYHvjn1K8TDIsPhOLWNPk"
        }
      ],
      "services": {
        "appinvite_service": {
          "other_platform_oauth_client": [
            {
              "client_id": "922537851131-clqvq0t279pakrs3d264rr2k6bi26muh.apps.googleusercontent.com",
              "client_type": 3
            }
          ]
        }
      }
    }
  ],
  "configuration_version": "1"
}